Name,Passport Number,Nationality,Flight Code
John Doe,AB123456,US,XYZ001
Jane Smith,CD789012,UK,ABC002
Alice Johnson,EF345678,CA,DEF003
Bob Williams,GH901234,AU,GHI004
Emily Davis,IJ567890,FR,JKL005
Michael Brown,KL123456,DE,MNO006
Olivia Wilson,MN789012,IT,PQR007
William Garcia,OP345678,JP,STU008
Sophia Martinez,QR901234,CN,VWX009
James Miller,ST567890,RU,YZA010
Ava Jackson,UV123456,ES,BCD011
Daniel Taylor,VW789012,BR,EFG012
Evelyn Anderson,XY345678,IN,HIJ013
Matthew Thomas,YZ901234,SA,KLM014
Chloe Hernandez,ZA567890,NZ,NOP015
Liam Gonzalez,AB123456,EG,OPQ016
Grace Perez,CD789012,TR,QRS017
Ethan Nguyen,EF345678,CH,TUV018
Mia Carter,GH901234,PL,WXY019
David Rivera,IJ567890,GR,YZA020
Sophie Lewis,KL123456,IR,ABC021
Lucas Lee,MN789012,TH,DEF022
Isabella Walker,OP345678,MX,GHI023
Logan Hall,QR901234,ID,JKL024
Avery Young,ST567890,PK,MNO025
Layla King,UV123456,ZA,PQR026
Jack Wright,VW789012,PH,STU027
Sofia Scott,XY345678,SA,VWX028
Benjamin Green,YZ901234,AR,YZA029
Harper Adams,ZA567890,NG,BCD030
Amelia Hill,AB123456,PL,EFG031
Alexander Baker,CD789012,SE,HIJ032
Victoria Perez,EF345678,FI,KLM033
Daniel Garcia,GH901234,PT,NOP034
Madison Flores,IJ567890,GR,QRS035
Joseph Evans,KL123456,NL,TUV036
Penelope Collins,MN789012,EG,WXY037
Emma Stewart,OP345678,CH,ABC038
Anthony Murphy,QR901234,TR,DEF039
Aubrey Cook,ST567890,IR,GHI040
Wyatt Morris,UV123456,TH,JKL041
Julia Bailey,VW789012,MX,MNO042
Christian Reed,XY345678,ID,PQR043
Ella Wood,YZ901234,PK,STU044
Isaac Richardson,ZA567890,ZA,VWX045
Samantha Ward,AB123456,PH,YZA046
Luke Turner,CD789012,SA,BCD047
Zoe Cooper,EF345678,AR,EFG048
Gabriel Perez,GH901234,NG,HIJ049
Stella Rivera,IJ567890,PL,KLM050
